Category,Title,URL,Abstract
Anime/Illustration,Modeling the Visual Ambiguity of Human Sketches,https://openaccess.thecvf.com/content/CVPR2026/html/Zhou_Modeling_the_Visual_Ambiguity_of_Human_Sketches_CVPR_2026_paper.html,"Human sketches provide a compact and expressive form of visual communication, but their sparse structural cues, while capturing essential object structures, introduce ambiguity because a single sketch can correspond to multiple plausible images, making cross-domain alignment uncertain and unstable. Such ambiguity fundamentally limits sketch-based vision tasks that rely on precise sketch--image cor"
Anime/Illustration,Vector Prism: Animating Vector Graphics by Stratifying Semantic Structure,https://openaccess.thecvf.com/content/CVPR2026/html/Yun_Vector_Prism_Animating_Vector_Graphics_by_Stratifying_Semantic_Structure_CVPR_2026_paper.html,"Scalable Vector Graphics (SVG) are central to modern web design, and the demand to animate them continues to grow as web environments become increasingly dynamic.Yet automating the animation of vector graphics remains challenging for vision–language models (VLMs) despite recent progress in code generation and motion planning.VLMs routinely mis-handle SVGs, since visually coherent parts are often f"
Anime/Illustration,Animator-Centric Skeleton Generation on Objects with Fine-Grained Details,https://openaccess.thecvf.com/content/CVPR2026/html/Sun_Animator-Centric_Skeleton_Generation_on_Objects_with_Fine-Grained_Details_CVPR_2026_paper.html,"Skeleton generation is essential for animating 3D assets, but current deep learning methods remain limited: they cannot handle the growing structural complexity of modern models and offer minimal controllability, creating a major bottleneck for real-world animation workflows. To address this, we propose an animator-centric SG framework that achieves high-quality skeleton prediction on complex inpu"
Anime/Illustration,Bridging Facial Understanding and Animation via Language Models,https://openaccess.thecvf.com/content/CVPR2026/html/Song_Bridging_Facial_Understanding_and_Animation_via_Language_Models_CVPR_2026_paper.html,"Text-guided human body animation has advanced rapidly, yet facial animation lags due to the scarcity of well-annotated, text-paired facial corpora. To close this gap, we leverage foundation generative models to synthesize a large, balanced corpus of facial behavior. We design prompts suite covering emotions and head motions, generate about 80 hours of facial videos with multiple generators, and fi"
Anime/Illustration,PersonaLive! Expressive Portrait Image Animation for Live Streaming,https://openaccess.thecvf.com/content/CVPR2026/html/Li_PersonaLive_Expressive_Portrait_Image_Animation_for_Live_Streaming_CVPR_2026_paper.html,"Current diffusion-based portrait animation models predominantly focus on enhancing visual quality and expression realism, while overlooking generation latency and real-time performance, which restricts their application range in the live streaming scenario. We propose PersonaLive, a novel diffusion-based framework towards streaming real-time portrait animation with multi-stage training recipes. Sp"
Anime/Illustration,Zero-Shot Reconstruction of Animatable 3D Avatars with Cloth Dynamics from a Single Image,https://openaccess.thecvf.com/content/CVPR2026/html/Kwon_Zero-Shot_Reconstruction_of_Animatable_3D_Avatars_with_Cloth_Dynamics_from_CVPR_2026_paper.html,"Existing single-image 3D human avatar methods primarily rely on rigid joint transformations, limiting their ability to model realistic cloth dynamics. We present DynaAvatar, a zero-shot framework that reconstructs animatable 3D human avatars with motion-dependent cloth dynamics from a single image. Trained on large-scale multi-person motion datasets, DynaAvatar employs a Transformer-based feed-for"
Anime/Illustration,FlexAvatar: Flexible Large Reconstruction Model for Animatable Gaussian Head Avatars with Detailed Deformation,https://openaccess.thecvf.com/content/CVPR2026/html/Peng_FlexAvatar_Flexible_Large_Reconstruction_Model_for_Animatable_Gaussian_Head_Avatars_CVPR_2026_paper.html,"We present FlexAvatar, a flexible large reconstruction model for high-fidelity 3D head avatars with detailed dynamic deformation from single or sparse images, without requiring camera poses or expression labels. It leverages a transformer-based reconstruction model with structured head query tokens as canonical anchor to aggregate flexible input-number-agnostic, camera-pose-free and expression-fre"
Anime/Illustration,From Sketch to Fresco: Efficient Diffusion Transformer with Progressive Resolution,https://openaccess.thecvf.com/content/CVPR2026/html/Zheng_From_Sketch_to_Fresco_Efficient_Diffusion_Transformer_with_Progressive_Resolution_CVPR_2026_paper.html,"Diffusion Transformers achieve impressive generative quality but remain computationally expensive due to iterative sampling.  Recently, dynamic resolution sampling has emerged as a promising acceleration technique by reducing the resolution of early sampling steps. However, existing methods rely on heuristic re-noising at every resolution transition, injecting noise that breaks cross-stage consist"
Anime/Illustration,Image-Guided Geometric Stylization of 3D Meshes,https://openaccess.thecvf.com/content/CVPR2026/html/Choi_Image-Guided_Geometric_Stylization_of_3D_Meshes_CVPR_2026_paper.html,"Recent generative models can create visually plausible 3D representations of objects. However, the generation process often allows for implicit control signals, such as contextual descriptions, and rarely supports bold geometric distortions beyond existing data distributions. We propose a geometric stylization framework that deforms a 3D mesh, allowing it to express the style of an image. While st"
Anime/Illustration,Action-Sketcher: From Reasoning to Action via Visual Sketches for Robotic Manipulation,https://openaccess.thecvf.com/content/CVPR2026/html/Tan_Action-Sketcher_From_Reasoning_to_Action_via_Visual_Sketches_for_Robotic_CVPR_2026_paper.html,"Long-horizon, open-world robotic manipulation is increasingly important for real-world deployment, requiring spatial disambiguation in complex layouts and temporal resilience under dynamic interaction. However, existing end-to-end and hierarchical Vision–Language–Action (VLA) policies often rely on text-only cues while keeping plan intent latent, which undermines \textit{referential grounding} in "
Anime/Illustration,PC-Talk: Precise Facial Animation Control for Audio-Driven Talking Face Generation,https://openaccess.thecvf.com/content/CVPR2026/html/Wang_PC-Talk_Precise_Facial_Animation_Control_for_Audio-Driven_Talking_Face_Generation_CVPR_2026_paper.html,"Recent advancements in audio-driven talking face generation have made great progress in lip synchronization. However, current methods often lack sufficient control over talking face, such as speaking style and emotional expression, resulting in uniform facial motion. In this paper, we focus on improving two key factors: lip-audio alignment control(LAC) and emotion control(EMC), to enhance the dive"
Anime/Illustration,FlashPortrait: 6x Faster Infinite Portrait Animation with Adaptive Latent Prediction,https://openaccess.thecvf.com/content/CVPR2026/html/Tu_FlashPortrait_6x_Faster_Infinite_Portrait_Animation_with_Adaptive_Latent_Prediction_CVPR_2026_paper.html,"Current diffusion-based acceleration methods for long-portrait animation struggle to ensure identity (ID) consistency. This paper presents FlashPortrait, an end-to-end video diffusion transformer capable of synthesizing ID-preserving, infinite-length videos while achieving up to 6$\times$ acceleration in inference speed. In particular, FlashPortrait begins by computing the identity-agnostic facial"
Anime/Illustration,HyperGaussians: High-Dimensional Gaussian Splatting for High-Fidelity Animatable Face Avatars,https://openaccess.thecvf.com/content/CVPR2026/html/Serifi_HyperGaussians_High-Dimensional_Gaussian_Splatting_for_High-Fidelity_Animatable_Face_Avatars_CVPR_2026_paper.html,"We introduce HyperGaussians, a novel extension of 3D Gaussian Splatting for high-quality animatable face avatars. While tremendous successes have been achieved for static faces, animatable avatars from dynamic videos still fall in the uncanny valley. The de facto standard, 3D Gaussian Splatting (3DGS), represents a face through a collection of 3D Gaussian primitives. 3DGS excels at rendering stati"
Anime/Illustration,RigMo: Unifying Rig and Motion Learning for Generative Animation,https://openaccess.thecvf.com/content/CVPR2026/html/Zhang_RigMo_Unifying_Rig_and_Motion_Learning_for_Generative_Animation_CVPR_2026_paper.html,"Recent progress in 4D generation has advanced the reconstruction of dynamic geometry, yet the modeling of rig and motion, the two core elements of animation, remains disconnected. Existing approaches typically treat rigging and motion generation as independent tasks: auto-rigging methods rely on human-annotated skeletons and skinning weights, while motion-generation models predict dense vertex tra"
Anime/Illustration,Illustrator’s Depth: Monocular Layer Index Prediction for Image Decomposition,https://cvpr.thecvf.com/virtual/2026/poster/38824,"We introduce Illustrator’s Depth, a novel definition of depth that addresses a key challenge in digital content creation: decomposing flat images into editable, ordered layers. Inspired by an artist’s compositional process, illustrator’s depth infers a layer index to each pixel, forming an interpretable image decomposition through a discrete, globally consistent ordering of elements optimized for "
Anime/Illustration,Hist2Style: Histogram-Guided Stylization with Bilateral Grids,https://openaccess.thecvf.com/content/CVPR2026/html/Galor_Hist2Style_Histogram-Guided_Stylization_with_Bilateral_Grids_CVPR_2026_paper.html,"Photorealistic style transfer aims to match the color and tone of an input image to that of a style target while preserving the content and details of the original scene. Although existing large image models can facilitate these kinds of appearance edits, their high computational demands, potential for hallucinations, and limited user control make them unsuitable for high-resolution, real-time wor"
Anime/Illustration,Mixture of Style Experts for Diverse Image Stylization,https://openaccess.thecvf.com/content/CVPR2026/html/Zhu_Mixture_of_Style_Experts_for_Diverse_Image_Stylization_CVPR_2026_paper.html,"Diffusion-based stylization has advanced significantly, yet existing methods are limited to color-driven transformations, neglecting complex semantics and material details. We introduce StyleExpert, a semantic-aware framework based on Mixture of Experts (MoE).Our framework employs a unified style encoder, trained on our large-scale dataset of content-style-stylized triplets, to embed diverse style"
Anime/Illustration,PoseMaster: A Unified 3D Native Framework for Stylized Pose Generation,https://openaccess.thecvf.com/content/CVPR2026/html/Yan_PoseMaster_A_Unified_3D_Native_Framework_for_Stylized_Pose_Generation_CVPR_2026_paper.html,"Pose stylization is a fundamental task across the 2D, 3D, or video fields, which aim to output a stylized image or 3D mesh with the expected pose. In the 3D domains, existing pose stylization methods typically rely on 2D foundational models to modify the pose of an image before generating the corresponding 3D assets, which limits the ability of these methods to achieve rich and precise 3D pose sty"
Anime/Illustration,LottieGPT: Tokenizing Vector Animation for Autoregressive Generation,https://openaccess.thecvf.com/content/CVPR2026/html/Chen_LottieGPT_Tokenizing_Vector_Animation_for_Autoregressive_Generation_CVPR_2026_paper.html,"Despite rapid progress in video generation, existing models are incapable of producing vector animation, a dominant and highly expressive form of multimedia on the Internet. Vector animations offer resolution-independence, compactness, semantic structure, and editable parametric motion representations, yet current generative models operate exclusively in raster space and thus cannot synthesize the"
Anime/Illustration,PhysSkin: Real-Time and Generalizable Physics-Based Animation via Self-Supervised Neural Skinning,https://openaccess.thecvf.com/content/CVPR2026/html/Lei_PhysSkin_Real-Time_and_Generalizable_Physics-Based_Animation_via_Self-Supervised_Neural_Skinning_CVPR_2026_paper.html,"Achieving real-time physics-based animation that generalizes across diverse 3D shapes and discretizations remains a fundamental challenge. We introduce PhysSkin, a physics-informed framework that addresses this challenge. In the spirit of Linear Blend Skinning, we learn continuous skinning fields as basis functions lifting motion subspace coordinates to full-space deformation, with subspace define"
Anime/Illustration,FG-Portrait: 3D Flow Guided Editable Portrait Animation,https://openaccess.thecvf.com/content/CVPR2026/html/Xu_FG-Portrait_3D_Flow_Guided_Editable_Portrait_Animation_CVPR_2026_paper.html,"Motion transfer from the driving to the source portrait remains a key challenge in the portrait animation. Current diffusion-based approaches condition only on the driving motion, which fails to capture source-to-driving correspondences and consequently yields suboptimal motion transfer.  Although flow estimation provides an alternative, predicting dense correspondences from 2D input is ill-posed "
Anime/Illustration,Order Matters: 3D Shape Generation from Sequential VR Sketches,https://openaccess.thecvf.com/content/CVPR2026/html/Chen_Order_Matters_3D_Shape_Generation_from_Sequential_VR_Sketches_CVPR_2026_paper.html,"VR sketching lets users explore and iterate on ideas directly in 3D, offering a faster and more intuitive alternative to conventional CAD software. However, existing sketch-to-shape models ignore the temporal ordering of strokes, discarding crucial cues about structure and design intent. We introduce VRSketch2Shape, the first framework and multi-category dataset for 3D shape generation from sequen"
Anime/Illustration,DreamStyle: A Unified Framework for Video Stylization,https://openaccess.thecvf.com/content/CVPR2026/html/Li_DreamStyle_A_Unified_Framework_for_Video_Stylization_CVPR_2026_paper.html,"Video stylization, an important downstream task of video generation models, has not yet been thoroughly explored. Its input style conditions typically include text, style image, and stylized first frame. Each condition has a characteristic advantage: text is more flexible, style image provides a more accurate visual anchor, and stylized first frame makes long-video stylization feasible. However, e"
Anime/Illustration,Sketch2CT: Multimodal Diffusion for Structure-Aware 3D Medical Volume Generation,https://openaccess.thecvf.com/content/CVPR2026/html/An_Sketch2CT_Multimodal_Diffusion_for_Structure-Aware_3D_Medical_Volume_Generation_CVPR_2026_paper.html,"Diffusion probabilistic models have demonstrated significant potential in generating high-quality, realistic medical images, providing a promising solution to the persistent challenge of data scarcity in the medical field. Nevertheless, producing 3D medical volumes with anatomically consistent structures under multimodal conditions remains a complex and unresolved problem. We introduce Sketch2CT, "
Anime/Illustration,Human Geometry Distribution for 3D Animation Generation,https://openaccess.thecvf.com/content/CVPR2026/html/Tang_Human_Geometry_Distribution_for_3D_Animation_Generation_CVPR_2026_paper.html,"Generating realistic human geometry animations remains a challenging task, as it requires modeling natural clothing dynamics with fine-grained geometric details under limited data. To address these challenges, we propose two novel designs. First, we propose a compact distribution-based latent representation that enables efficient and high-quality geometry generation. We improve upon previous work "
Anime/Illustration,Towards Storytelling Animations: Joint Synthesis of Human and Camera Motions,https://openaccess.thecvf.com/content/CVPR2026/html/Cheng_Towards_Storytelling_Animations_Joint_Synthesis_of_Human_and_Camera_Motions_CVPR_2026_paper.html,"Animation relies heavily on effective cinematography to enhance narrative clarity and emotional resonance, yet crafting optimal character interactions and camera positioning remains a resource-intensive challenge. Existing methods typically require extensive, predefined datasets, which restrict their effectiveness when encountering unfamiliar character interactions or novel animation contexts. We "
Anime/Illustration,OmniLottie: Generating Vector Animations via Parameterized Lottie Tokens,https://openaccess.thecvf.com/content/CVPR2026/html/Yang_OmniLottie_Generating_Vector_Animations_via_Parameterized_Lottie_Tokens_CVPR_2026_paper.html,"OmniLottie is a versatile framework that generates high-quality vector animations from multi-modal instructions, including interleaved texts, images, and videos. To fully parameterize vector animations for flexible motion and visual content control, we seek help from the Lottie representation, which encodes both shapes and animated behaviors in a single JSON file. Building upon a pretrained vision"
Anime/Illustration,DeX-Portrait: Disentangled and Expressive Portrait Animation via Explicit and Latent Motion Representations,https://openaccess.thecvf.com/content/CVPR2026/html/Shi_DeX-Portrait_Disentangled_and_Expressive_Portrait_Animation_via_Explicit_and_Latent_CVPR_2026_paper.html,"Portrait animation from a single source image and a driving video is a long-standing problem.Recent approaches tend to adopt diffusion-based image/video generation models for realistic and expressive animation.However, none of these diffusion models realizes high-fidelity disentangled control between the head pose and facial expression, hindering applications like expression-only or pose-only edit"
Anime/Illustration,Motion-Aware Animatable Gaussian Avatars Deblurring,https://openaccess.thecvf.com/content/CVPR2026/html/Niu_Motion-Aware_Animatable_Gaussian_Avatars_Deblurring_CVPR_2026_paper.html,"The creation of 3D human avatars from multi-view videos is a significant yet challenging task in computer vision. However, existing techniques rely on high-quality, sharp images as input, which are often impractical to obtain in real-world scenarios due to variations in human motion speed and intensity. This paper introduces a novel method for directly reconstructing sharp 3D human Gaussian avatar"
Anime/Illustration,AniMimic: Imitating 3D Animation from Video Priors,https://openaccess.thecvf.com/content/CVPR2026/html/Xie_AniMimic_Imitating_3D_Animation_from_Video_Priors_CVPR_2026_paper.html,"Creating realistic 3D animation remains a time-consuming and expertise-dependent process, requiring manual rigging, keyframing, and fine-tuning of complex motions. Meanwhile, video diffusion models have recently demonstrated remarkable motion imagination in 2D, generating dynamic and visually coherent motion from text or image prompts. However, their results lack explicit 3D structure and cannot b"
Anime/Illustration,Tracking-Guided 4D Generation: Foundation-Tracker Motion Priors for 3D Model Animation,https://openaccess.thecvf.com/content/CVPR2026/html/Sun_Tracking-Guided_4D_Generation_Foundation-Tracker_Motion_Priors_for_3D_Model_Animation_CVPR_2026_paper.html,"Generating dynamic 4D objects from sparse inputs is difficult because it demands joint preservation of appearance and motion coherence across views and time while suppressing artifacts and temporal drift. We hypothesize that the view discrepancy arises from supervision limited to pixel- or latent-space video-diffusion losses, which lack explicitly temporally aware, feature-level tracking guidance."
Anime/Illustration,SketchRevive: Fine-Grained Pixel-to-Vector Sketch Completion with Diffusion-Prior-Guided Multimodal LLMs,https://openaccess.thecvf.com/content/CVPR2026/html/Zuo_SketchRevive_Fine-Grained_Pixel-to-Vector_Sketch_Completion_with_Diffusion-Prior-Guided_Multimodal_LLMs_CVPR_2026_paper.html,"Transforming sparse, partial pixel sketches from diverse media into complete, editable vector drawings is essential yet underexplored in digital creation. Prior methods either generate from scratch or inpaint local gaps without predicting global structure, leading to coarse contours and limited detail. To address this, we introduce SketchRevive, a two‑stage framework for fine‑grained pixel‑to‑vect"
Anime/Illustration,Vanast: Virtual Try-On with Human Image Animation via Synthetic Triplet Supervision,https://openaccess.thecvf.com/content/CVPR2026/html/Cha_Vanast_Virtual_Try-On_with_Human_Image_Animation_via_Synthetic_Triplet_CVPR_2026_paper.html,"We present Vanast, a unified framework that generates garment-transferred human animation videos directly from a single human image, garment images, and a pose guidance video. Conventional two-stage pipelines treat image-based virtual try-on and pose-driven animation as separate processes, which often results in identity drift, garment distortion, and front–back inconsistency. Our model addresses "
Anime/Illustration,Feed-Forward One-Shot Animatable Textured Mesh Avatar Reconstruction,https://openaccess.thecvf.com/content/CVPR2026/html/He_Feed-Forward_One-Shot_Animatable_Textured_Mesh_Avatar_Reconstruction_CVPR_2026_paper.html,"We introduce a feed-forward framework for one-shot animatable mesh head reconstruction that generates high-fidelity, directly animatable 3D head avatars from a single image. Unlike previous work that relies on time-consuming test-time optimization or extensive multi-view data, our method produces complete mesh representations with inherent animatability from a single image in a single forward pass"
Anime/Illustration,ProgressiveAvatars: Progressive Animatable 3D Gaussian Avatars,https://openaccess.thecvf.com/content/CVPR2026/html/Song_ProgressiveAvatars_Progressive_Animatable_3D_Gaussian_Avatars_CVPR_2026_paper.html,"In practical real-time XR and telepresence applications, network and computing resources fluctuate frequently. Therefore, a progressive, streamable 3D representation method is needed that can be immediately deployed and continuously optimized as resources increase. To this end, we propose ProgressiveAvatars, a progressive avatar representation built on a hierarchy of 3D Gaussians grown byadaptive "
Anime/Illustration,SEA: Evaluating Sketch Abstraction Efficiency via Element-level Commonsense Visual Question Answering,https://openaccess.thecvf.com/content/CVPR2026/html/Park_SEA_Evaluating_Sketch_Abstraction_Efficiency_via_Element-level_Commonsense_Visual_Question_CVPR_2026_paper.html,"A sketch is a distilled form of visual abstraction that conveys core concepts through simplified yet purposeful strokes while omitting extraneous detail. Despite its expressive power, quantifying the efficiency of semantic abstraction in sketches remains challenging. Existing evaluation methods that rely on reference images, low-level visual features, or recognition accuracy do not capture abstrac"
Anime/Illustration,Region-Wise Correspondence Prediction between Manga Line Art Images,https://openaccess.thecvf.com/content/CVPR2026/html/Li_Region-Wise_Correspondence_Prediction_between_Manga_Line_Art_Images_CVPR_2026_paper.html,"Understanding region-wise correspondences between manga line art images is fundamental for high-level manga processing, supporting downstream tasks such as line art colorization and in-between frame generation. Unlike natural images that contain rich visual cues, manga line art consists only of sparse black-and-white strokes, making it challenging to determine which regions correspond across image"
Anime/Illustration,DynamicTree: Interactive Real Tree Animation via Sparse Voxel Spectrum,https://openaccess.thecvf.com/content/CVPR2026/html/Li_DynamicTree_Interactive_Real_Tree_Animation_via_Sparse_Voxel_Spectrum_CVPR_2026_paper.html,"Generating dynamic and interactive 3D trees has wide applications in virtual reality, games, and world simulation. However, existing methods still face various challenges in generating structurally consistent and realistic 4D motion for complex real trees. In this paper, we propose DynamicTree, the first framework that can generate long-term, interactive 3D motion for 3DGS reconstructions of real "
Anime/Illustration,SketchAssist: A Practical Assistant for Semantic Edits and Precise Local Redrawing,https://openaccess.thecvf.com/content/CVPR2026/html/Zou_SketchAssist_A_Practical_Assistant_for_Semantic_Edits_and_Precise_Local_CVPR_2026_paper.html,"Sketch editing is central to digital illustration, yet existing image editing systems struggle to preserve the sparse, style‑sensitive structure of line art while supporting both high‑level semantic changes and precise local redrawing. We present SketchAssist, an interactive sketch drawing assistant that accelerates creation by unifying instruction‑guided global edits with line‑guided region redra"
Anime/Illustration,Let it Snow! Animating 3D Gaussian Scenes with Dynamic Weather Effects via Physics-Guided Score Distillation,https://openaccess.thecvf.com/content/CVPR2026/html/Fiebelman_Let_it_Snow_Animating_3D_Gaussian_Scenes_with_Dynamic_Weather_CVPR_2026_paper.html,"3D Gaussian Splatting has recently enabled fast and photorealistic reconstruction of static 3D scenes. However, dynamic editing of such scenes remains a significant challenge. We introduce a novel framework, Physics-Guided Score Distillation, to address a fundamental conflict: physics simulation provides a strong motion prior that is insufficient for photorealism , while video-based Score Distilla"
Anime/Illustration,Ani3DHuman: Photorealistic 3D Human Animation with Self-guided Stochastic Sampling,https://openaccess.thecvf.com/content/CVPR2026/html/Sun_Ani3DHuman_Photorealistic_3D_Human_Animation_with_Self-guided_Stochastic_Sampling_CVPR_2026_paper.html,"Current 3D human animation methods fail at photorealism: kinematics-based approaches lack non-rigid dynamics like clothing, while methods reconstructing from generated videos suffer from low-quality artifacts and identity loss. To overcome these limitations, we present Ani3DHuman, a framework that marries kinematics-based animation with video diffusion priors. We first introduce a layered motion r"
Anime/Illustration,SketchFaceGS: Real-Time Sketch-Driven Face Editing and Generation with Gaussian Splatting,https://openaccess.thecvf.com/content/CVPR2026/html/Li_SketchFaceGS_Real-Time_Sketch-Driven_Face_Editing_and_Generation_with_Gaussian_Splatting_CVPR_2026_paper.html,"3D Gaussian representations have emerged as a powerful paradigm for digital head modeling, achieving photorealistic quality with real-time rendering. However, intuitive and interactive creation or editing of 3D Gaussian head models remains challenging. Although 2D sketches provide an ideal interaction modality for fast, intuitive conceptual design, they are sparse, depth-ambiguous, and lack high-f"
Anime/Illustration,Sketch2Colab: Sketch-Conditioned Multi-Human Animation via Controllable Flow Distillation,https://openaccess.thecvf.com/content/CVPR2026/html/Daiya_Sketch2Colab_Sketch-Conditioned_Multi-Human_Animation_via_Controllable_Flow_Distillation_CVPR_2026_paper.html,"We present \emph{Sketch2Colab}, which turns storyboard-style 2D sketches into coherent, object-aware 3D multi-human motion with fine-grained control over agents, joints, timing, and contacts. Conventional diffusion-based motion generators have advanced realism; however, achieving precise adherence to rich interaction constraints typically demands extensive training and/or costly posterior guidance"
Anime/Illustration,ActionMesh: Animated 3D Mesh Generation with Temporal 3D Diffusion,https://openaccess.thecvf.com/content/CVPR2026/html/Sabathier_ActionMesh_Animated_3D_Mesh_Generation_with_Temporal_3D_Diffusion_CVPR_2026_paper.html,"Generating animated 3D objects is at the heart of many applications, yet most advanced works are typically difficult to apply in practice because of their limited setup, their long runtime, or their limited quality. We introduce ActionMesh, a generative model that predicts production-ready 3D meshes ""in action"" in a feed-forward manner. Drawing inspiration from early video models, our key insight "
Anime/Illustration,SketchDeco: Training-Free Latent Composition for Precise Sketch Colourisation,https://openaccess.thecvf.com/content/CVPR2026/html/Utintu_SketchDeco_Training-Free_Latent_Composition_for_Precise_Sketch_Colourisation_CVPR_2026_paper.html,"We introduce SketchDeco, a training-free approach to sketch colourisation that bridges the gap between professional design needs and intuitive, region-based control. Our method empowers artists to use simple masks and colour palettes for precise spatial and chromatic specification, avoiding both the tediousness of manual assignment and the ambiguity of text-based prompts. We reformulate this task "
Anime/Illustration,EmoStyle: Emotion-Driven Image Stylization,https://openaccess.thecvf.com/content/CVPR2026/html/Yang_EmoStyle_Emotion-Driven_Image_Stylization_CVPR_2026_paper.html,"Art has long been a profound medium for expressing emotions.While existing image stylization methods effectively transform visual appearance, they often overlook the emotional impact carried by styles.To bridge this gap, we introduce Affective Image Stylization (AIS), a task that applies artistic styles to evoke specific emotions while preserving content.We present EmoStyle, a framework designed t"
Anime/Illustration,Bidirectional Query-Driven Generation of Parametric CAD Sketch,https://openaccess.thecvf.com/content/CVPR2026/html/Liu_Bidirectional_Query-Driven_Generation_of_Parametric_CAD_Sketch_CVPR_2026_paper.html,"Learning-based CAD modeling shows great promise in automating parametric design, yet existing approaches often overlook the incremental and state-dependent nature of sketch construction. We present CADSketcher, a query-driven bidirectional framework for completing partial parametric sketches by internalizing the non-linear construction logic of interactive CAD processes. At the core of CADSketcher"
Anime/Illustration,Soul: Breathe Life into Digital Human for High-fidelity Long-term Multimodal Animation,https://openaccess.thecvf.com/content/CVPR2026/html/Zhang_Soul_Breathe_Life_into_Digital_Human_for_High-fidelity_Long-term_Multimodal_CVPR_2026_paper.html,"We propose a multimodal-driven framework for high-fidelity long-term digital human animation termed Soul, which generates semantically coherent videos from a single-frame portrait image, text prompts, and audio, achieving precise lip synchronization, vivid facial expressions, and robust identity preservation. We construct Soul-1M, containing 1 million finely annotated samples with a precise automa"
Anime/Illustration,InfinityHuman: Towards Long-Term Audio-Driven Human Animation,https://openaccess.thecvf.com/content/CVPR2026/html/Li_InfinityHuman_Towards_Long-Term_Audio-Driven_Human_Animation_CVPR_2026_paper.html,"Audio-driven human animation has attracted wide attention thanks to its practical applications. However, critical challenges remain in generating high-resolution, long-duration videos with consistent appearance and natural hand motions. Existing methods extend videos using overlapping motion frames but suffer from error accumulation, leading to identity drift, color shifts, and scene instability. "
Anime/Illustration,One-to-All Animation: Alignment-Free Character Animation and Image Pose Transfer,https://openaccess.thecvf.com/content/CVPR2026/html/Shi_One-to-All_Animation_Alignment-Free_Character_Animation_and_Image_Pose_Transfer_CVPR_2026_paper.html,"Recent advances in diffusion models have greatly improved pose-driven character animation. However, existing methods are limited to spatially aligned reference-pose pairs with matched skeletal structures. Handling reference-pose misalignment remains unsolved. To address this, we present One-to-All Animation, a unified framework for high-fidelity character animation and image pose transfer for refe"
Anime/Illustration,Tavatar: Topology-Aware Gaussian Attribute Derivation for Animatable Human Avatars,https://openaccess.thecvf.com/content/CVPR2026/html/Luo_Tavatar_Topology-Aware_Gaussian_Attribute_Derivation_for_Animatable_Human_Avatars_CVPR_2026_paper.html,"Reconstructing high-fidelity, animatable human avatars from monocular videos remains a critical challenge. Existing 3DGS-based human animation methods constrain Gaussian parameters but exclude scale, which we argue is crucial for adapting human poses to challenging out-of-distribution poses. To achieve robust animation under unseen poses, we propose Tavatar, which derives key parameters such as sc"
Anime/Illustration,SketchVL: Policy Optimization via Fine-Grained Credit Assignment for Chart Understanding and More,https://openaccess.thecvf.com/content/CVPR2026/html/Huang_SketchVL_Policy_Optimization_via_Fine-Grained_Credit_Assignment_for_Chart_Understanding_CVPR_2026_paper.html,"Charts are high-density visual carriers of complex data and medium for information extraction and analysis. Due to the need for precise and complex visual reasoning, automated chart understanding poses a significant challenge to existing Multimodal Large Language Models (MLLMs). Many MLLMs trained with reinforcement learning (RL) face the challenge of credit assignment. Their advantage estimation,"
Anime/Illustration,MultiAnimate: Pose-Guided Image Animation Made Extensible,https://openaccess.thecvf.com/content/CVPR2026/html/Hu_MultiAnimate_Pose-Guided_Image_Animation_Made_Extensible_CVPR_2026_paper.html,"Pose-guided human image animation aims to synthesize realistic videos of a reference character driven by a sequence of poses. While diffusion-based methods have achieved remarkable success, most existing approaches are limited to single-character animation. We observe that naively extending these methods to multi-character scenarios often leads to identity confusion and implausible occlusions betw"
Anime/Illustration,Towards High-resolution and Disentangled Reference-based Sketch Colorization,https://openaccess.thecvf.com/content/CVPR2026/html/Yan_Towards_High-resolution_and_Disentangled_Reference-based_Sketch_Colorization_CVPR_2026_paper.html,"Sketch colorization models have been widely studied to automate and assist in the creation of animation frames and digital illustrations. However, current methods are still not satisfactory for industrial standard applications in high-resolution synthesis and precise controllability of details. To further enhance the synthesis quality and controllability, we propose an image-referenced sketch colo"
